name,age,last_login,watch_time,preferred_category,payment_status,email
김수민,38,2025-04-25,24,다큐멘터리,paid,seongmingim@example.net
김영자,51,2025-05-01,154,드라마,paid,gimyeongil@example.net
김재호,40,2025-04-16,180,예능,paid,lgim@example.com
김지원,50,2025-04-28,79,다큐멘터리,paid,ji@example.org
이미숙,60,2025-04-29,43,다큐멘터리,paid,ijeongho@example.com
서옥자,40,2025-04-21,295,드라마,paid,sgim@example.net
문은경,23,2025-04-08,225,드라마,paid,gimyeongsig@example.com
고채원,21,2025-04-18,200,드라마,paid,oi@example.com
이정남,31,2025-04-25,141,영화,paid,gangseongho@example.net
박서준,51,2025-04-09,237,영화,paid,yeongsunhong@example.org
김성수,39,2025-04-23,9,다큐멘터리,unpaid,minjae95@example.org
이하은,28,2025-04-16,60,예능,paid,igim@example.org
박지아,29,2025-04-15,112,영화,paid,zbae@example.com
엄영일,24,2025-04-04,121,드라마,paid,gweonjia@example.org
안영자,28,2025-04-05,259,드라마,paid,iseonyeong@example.com
우지혜,41,2025-05-02,9,애니메이션,paid,jangsangho@example.net
황순자,55,2025-04-12,141,드라마,paid,jinu70@example.net
이예진,64,2025-04-04,268,영화,paid,migyeonggim@example.net
윤우진,64,2025-04-04,300,애니메이션,paid,junseogim@example.net
최예지,58,2025-04-18,222,애니메이션,paid,namjiyeong@example.com
김영호,56,2025-04-09,113,애니메이션,paid,gimgyeonghyi@example.org
박미정,23,2025-05-04,272,예능,paid,kha@example.com
조현주,26,2025-04-21,98,애니메이션,paid,yeeuni@example.net
이옥순,64,2025-04-13,180,드라마,paid,gimminsu@example.org
김서윤,49,2025-04-29,98,예능,paid,ominsu@example.org
고명자,25,2025-05-01,21,영화,paid,yejunbag@example.net
심영호,37,2025-04-24,165,애니메이션,paid,egim@example.com
김시우,32,2025-04-13,291,애니메이션,paid,ui@example.org
나미숙,34,2025-04-06,181,다큐멘터리,paid,zseo@example.org
김영길,57,2025-04-28,155,애니메이션,paid,dgim@example.org
김지원,52,2025-04-14,255,영화,paid,gimhyejin@example.org
남지혜,50,2025-04-10,154,드라마,paid,jungsubag@example.com
김경숙,39,2025-04-29,199,드라마,paid,yi@example.com
한정웅,22,2025-05-03,290,영화,paid,sgim@example.org
최유진,35,2025-04-04,1,애니메이션,unpaid,minseog97@example.net
박명숙,63,2025-04-12,11,드라마,unpaid,gominjae@example.org
김미영,28,2025-04-09,253,다큐멘터리,paid,seoyungim@example.org
최영진,19,2025-05-03,285,영화,paid,siu53@example.com
장성민,53,2025-04-05,87,드라마,paid,caeweon10@example.com
최미숙,20,2025-04-17,30,예능,unpaid,migyeonggim@example.com
양영미,31,2025-04-18,276,영화,paid,jinhojeong@example.com
민은지,55,2025-04-10,241,예능,paid,jangboram@example.net
양상훈,39,2025-04-14,298,애니메이션,paid,seoseongjin@example.com
오서영,26,2025-04-11,237,다큐멘터리,paid,migyeong40@example.org
류경희,18,2025-04-30,128,예능,paid,eungyeong42@example.net
한영호,52,2025-05-04,55,영화,paid,gimjiyeong@example.org
전은경,54,2025-04-10,113,예능,paid,jinugim@example.com
안지혜,49,2025-04-28,98,영화,paid,yeonggil31@example.com
손영순,57,2025-04-16,232,드라마,paid,caeweongim@example.org
송춘자,41,2025-04-04,115,예능,paid,gimjihye@example.com
문지원,32,2025-04-09,124,드라마,paid,seonghyeon16@example.org
김지은,62,2025-04-21,106,다큐멘터리,paid,yi@example.org
장승민,62,2025-04-11,295,영화,paid,jia45@example.net
장지현,22,2025-04-25,193,애니메이션,paid,cunja14@example.org
나경희,48,2025-04-10,292,애니메이션,paid,yi@example.com
나민석,21,2025-04-21,120,애니메이션,paid,yeongceolo@example.org
송정순,37,2025-04-09,277,영화,paid,juweongim@example.net
강정숙,63,2025-04-30,169,영화,paid,ojaeho@example.com
이정자,34,2025-04-05,193,애니메이션,paid,seunghyeonjang@example.com
배은정,43,2025-04-06,62,예능,paid,jungsu04@example.com
안예준,57,2025-04-27,125,영화,paid,gyeongsug73@example.net
배주원,42,2025-04-26,27,영화,paid,areumi@example.net
이지은,41,2025-04-25,192,예능,paid,yeongsuggim@example.org
김현준,60,2025-04-18,3,드라마,unpaid,bagjiu@example.net
한영식,22,2025-04-19,5,애니메이션,unpaid,seongsuim@example.org
김지원,54,2025-04-05,189,다큐멘터리,paid,pgim@example.org
송정남,23,2025-04-25,27,애니메이션,paid,hayun79@example.net
이하윤,28,2025-05-04,274,애니메이션,paid,vbae@example.com
권준혁,19,2025-04-12,31,드라마,unpaid,yunseo87@example.net
박정식,46,2025-04-26,202,드라마,paid,yeonghwani@example.net
김성훈,22,2025-05-02,175,드라마,paid,yeweongim@example.com
박도윤,47,2025-04-22,15,드라마,unpaid,xi@example.net
김춘자,61,2025-04-11,118,예능,paid,wbag@example.com
고현정,65,2025-04-13,48,영화,unpaid,vbag@example.net
배예지,29,2025-04-11,292,예능,paid,jinu06@example.com
안지민,26,2025-04-30,150,예능,paid,nheo@example.net
이영호,37,2025-04-28,185,영화,paid,gimjihun@example.com
김성진,25,2025-04-23,179,다큐멘터리,paid,wi@example.com
하승현,51,2025-05-03,147,애니메이션,paid,bagogja@example.org
이은지,51,2025-04-11,277,애니메이션,paid,gweonhayun@example.org
강서현,62,2025-04-05,223,영화,paid,kjang@example.org
김성호,19,2025-04-10,42,드라마,unpaid,hwangseonghyeon@example.com
김성수,23,2025-04-11,83,예능,paid,ti@example.org
한재현,37,2025-04-29,253,다큐멘터리,paid,hanjaeho@example.net
김현지,22,2025-04-14,136,드라마,paid,ijihun@example.com
윤건우,60,2025-05-03,119,예능,paid,gryu@example.com
윤지은,51,2025-04-27,123,드라마,paid,jinuseo@example.net
송영철,61,2025-04-11,38,영화,unpaid,ubag@example.net
고준영,22,2025-04-28,144,애니메이션,paid,ihyeonu@example.com
장순옥,58,2025-05-03,287,영화,paid,lgo@example.com
안성현,46,2025-05-03,93,다큐멘터리,paid,boram83@example.org
이영호,46,2025-04-19,90,드라마,paid,yeongjayun@example.com
김성민,24,2025-05-03,29,다큐멘터리,paid,than@example.net
박옥자,48,2025-04-26,191,애니메이션,paid,jeom@example.com
박성수,51,2025-04-30,198,예능,paid,sanghungim@example.org
하정순,20,2025-04-14,154,드라마,paid,yeongsubag@example.net
권은서,29,2025-04-21,114,영화,paid,jeonjaehyeon@example.com
김영진,23,2025-04-19,147,예능,paid,donghyeon08@example.com
김채원,61,2025-05-01,256,애니메이션,paid,agim@example.net
박성현,57,2025-04-18,277,영화,paid,gimjia@example.org
이명자,24,2025-04-06,210,영화,paid,gimeunji@example.com
김영호,48,2025-04-18,41,영화,unpaid,yjo@example.net
박영길,26,2025-04-27,78,영화,paid,li@example.com
강우진,52,2025-04-20,73,영화,paid,hayeonggil@example.org
김상호,21,2025-04-20,174,영화,paid,gimjungsu@example.net
이서현,35,2025-04-18,199,드라마,paid,yeweon71@example.net
이주원,24,2025-04-05,223,애니메이션,paid,jihunjeong@example.net
이민수,55,2025-04-13,297,드라마,paid,gimjeongnam@example.net
허영희,47,2025-04-22,252,영화,paid,shan@example.com
박예진,24,2025-05-03,6,예능,paid,coejiu@example.net
김동현,29,2025-04-26,177,예능,paid,eomyeongsug@example.com
권보람,58,2025-04-30,166,애니메이션,paid,lheo@example.net
송현우,42,2025-04-19,205,영화,paid,vi@example.com
고순옥,32,2025-04-06,182,드라마,paid,zi@example.net
김상훈,26,2025-04-19,47,애니메이션,unpaid,jujunho@example.net
김채원,23,2025-04-15,298,영화,paid,mi@example.net
권재현,29,2025-04-23,233,애니메이션,paid,gimminji@example.com
한민석,22,2025-04-20,47,드라마,unpaid,yeweoni@example.org
김혜진,27,2025-04-26,257,영화,paid,bagsanghun@example.org
오영일,33,2025-04-14,153,영화,paid,jihu77@example.org
김병철,61,2025-05-02,292,영화,paid,jiai@example.com
안상훈,41,2025-04-21,217,영화,paid,ijaeho@example.net
장채원,30,2025-04-09,131,다큐멘터리,paid,wbag@example.com
정예원,49,2025-04-21,10,예능,unpaid,jiyeon39@example.com
황광수,63,2025-04-22,109,애니메이션,paid,zhan@example.com
장준서,55,2025-05-02,15,영화,paid,myeongsuggim@example.net
이미숙,60,2025-04-07,201,예능,paid,dgim@example.org
이은지,46,2025-04-11,156,드라마,paid,minjunhwang@example.com
한재호,64,2025-05-01,277,드라마,paid,jimin86@example.com
손예지,65,2025-05-04,182,예능,paid,gangyeongil@example.net
엄지아,27,2025-04-27,35,드라마,paid,wgu@example.net
김민지,35,2025-04-15,297,예능,paid,jieun05@example.org
이민재,37,2025-04-09,143,영화,paid,ycoe@example.org
김준호,36,2025-04-09,206,애니메이션,paid,myeongjacoe@example.org
김상훈,63,2025-04-04,156,다큐멘터리,paid,baegyeongsug@example.com
김영희,49,2025-04-15,13,드라마,unpaid,hyeonji46@example.net
홍상철,45,2025-04-22,192,예능,paid,ggo@example.org
이성민,21,2025-04-12,84,애니메이션,paid,gwangsu64@example.org
임지아,54,2025-04-16,63,영화,paid,baegogja@example.com
김지원,24,2025-04-10,9,영화,unpaid,sunoggang@example.net
황정순,24,2025-04-26,238,드라마,paid,sugjabae@example.net
안경수,33,2025-04-15,202,애니메이션,paid,yejin14@example.com
김미정,49,2025-04-22,59,애니메이션,unpaid,mijeong42@example.com
노현주,54,2025-05-03,229,드라마,paid,ogja51@example.com
김현주,64,2025-04-06,205,예능,paid,zju@example.net
안건우,49,2025-04-22,60,애니메이션,paid,bagyeongsug@example.net
이재현,65,2025-04-16,260,영화,paid,sangho37@example.org
노순옥,64,2025-04-18,294,다큐멘터리,paid,sunjayun@example.com
이영순,57,2025-04-24,126,드라마,paid,donghyeongim@example.com
김영철,61,2025-04-26,185,영화,paid,qbag@example.net
박은서,18,2025-04-22,259,예능,paid,jiuyun@example.com
심수빈,51,2025-04-18,160,다큐멘터리,paid,yeongsu73@example.com
임영철,19,2025-05-04,78,영화,paid,minsu43@example.org
류미경,25,2025-04-24,123,드라마,paid,sunogcoe@example.org
이현준,53,2025-04-19,149,애니메이션,paid,minjaegweon@example.org
송서현,39,2025-04-30,162,애니메이션,paid,eunyeongcoe@example.com
김미정,62,2025-04-24,51,드라마,paid,eunjeong10@example.org
안상호,33,2025-04-05,250,영화,paid,gyeongsu40@example.org
박지아,19,2025-04-11,7,다큐멘터리,unpaid,xbag@example.net
박서윤,43,2025-04-26,253,예능,paid,seojieun@example.net
박현주,37,2025-04-29,274,다큐멘터리,paid,eomjeonghyi@example.com
박하은,19,2025-04-27,300,다큐멘터리,paid,baejeongsu@example.org
이재현,18,2025-04-13,265,예능,paid,junyeong98@example.com
조동현,63,2025-04-21,261,애니메이션,paid,gosunja@example.net
김예원,65,2025-04-14,175,드라마,paid,jihuryu@example.com
김승현,33,2025-04-25,142,다큐멘터리,paid,junseo27@example.org
김시우,51,2025-04-06,139,영화,paid,eunji80@example.net
최정숙,30,2025-04-04,273,애니메이션,paid,qi@example.com
오현주,54,2025-05-03,273,다큐멘터리,paid,jeonghun98@example.org
박준혁,56,2025-05-03,237,영화,paid,jeonghyi51@example.com
송지현,37,2025-04-21,292,다큐멘터리,paid,gangareum@example.net
김정식,48,2025-04-18,151,다큐멘터리,paid,jihye50@example.org
최영순,48,2025-04-08,291,드라마,paid,ogsunu@example.org
김영자,41,2025-04-18,96,드라마,paid,seonghyeon45@example.net
양민지,59,2025-04-12,50,애니메이션,unpaid,jangyeonghwan@example.net
조승현,28,2025-04-23,201,다큐멘터리,paid,yujingim@example.com
장예준,59,2025-04-10,55,다큐멘터리,unpaid,donghyeon69@example.org
이상철,38,2025-04-25,186,드라마,paid,yunseoi@example.org
신민준,40,2025-04-14,77,영화,paid,obag@example.net
장아름,19,2025-04-18,4,애니메이션,unpaid,cmun@example.com
허준호,24,2025-04-22,158,애니메이션,paid,tcoe@example.net
김경수,18,2025-05-02,127,애니메이션,paid,seongho97@example.net
김지현,24,2025-04-27,242,영화,paid,jinui@example.org
이성현,49,2025-04-06,176,드라마,paid,eunseo18@example.net
박지후,20,2025-04-15,274,드라마,paid,jeonghun23@example.org
김예준,57,2025-05-01,52,드라마,paid,gimeungyeong@example.com
최영환,40,2025-04-21,46,영화,unpaid,jia52@example.com
박성민,26,2025-04-21,250,드라마,paid,seohyeon58@example.org
박도윤,36,2025-05-02,177,예능,paid,minjun19@example.net
박윤서,48,2025-04-28,239,영화,paid,bageunju@example.net
조영일,31,2025-04-09,274,드라마,paid,bageunji@example.com
김은주,18,2025-04-20,145,다큐멘터리,paid,gimjinu@example.com
강아름,39,2025-04-26,235,다큐멘터리,paid,junyeong59@example.org
윤명자,42,2025-04-19,119,드라마,paid,coejunyeong@example.com
윤하윤,51,2025-04-06,16,영화,unpaid,jeongungcoe@example.org
이은지,24,2025-04-09,152,다큐멘터리,paid,tgim@example.org
이주원,48,2025-04-23,0,드라마,unpaid,yeongsugryu@example.net
백미숙,50,2025-04-12,228,영화,paid,bbag@example.com
하성현,50,2025-04-25,103,드라마,paid,igim@example.org
홍동현,58,2025-04-09,204,애니메이션,paid,jangjiyeong@example.net
이민준,47,2025-04-06,195,다큐멘터리,paid,yejigim@example.com
김영희,24,2025-04-06,20,애니메이션,unpaid,yujin73@example.net
차종수,42,2025-04-23,217,애니메이션,paid,juweonha@example.com
이성훈,25,2025-05-04,79,영화,paid,mju@example.net
김재현,48,2025-04-25,64,드라마,paid,boram18@example.org
권서준,35,2025-04-07,85,예능,paid,jeongsungim@example.org
손현숙,35,2025-04-16,11,영화,unpaid,ggim@example.com
지성호,59,2025-04-07,174,영화,paid,isangceol@example.net
안미정,34,2025-04-12,72,영화,paid,jihye72@example.net
강지후,56,2025-04-10,143,드라마,paid,gimjeongja@example.net
조영자,32,2025-04-26,39,드라마,paid,yeongil10@example.org
안영길,59,2025-04-25,41,영화,paid,hongmyeongja@example.net
박상호,26,2025-04-07,136,애니메이션,paid,jaehyeongim@example.com
이정남,56,2025-05-01,144,드라마,paid,bagjongsu@example.net
안예진,53,2025-04-18,171,예능,paid,igyeongsug@example.net
이정호,35,2025-04-22,155,예능,paid,eunyeong53@example.net
김은경,54,2025-04-22,146,다큐멘터리,paid,seongmin58@example.com
김지영,65,2025-04-16,92,드라마,paid,ena@example.net
김정웅,61,2025-04-12,26,예능,unpaid,mgim@example.org
손숙자,35,2025-04-04,142,예능,paid,misug87@example.com
윤성민,39,2025-04-12,194,영화,paid,munjeongung@example.org
이영순,35,2025-04-10,224,예능,paid,yson@example.com
박예진,27,2025-04-04,257,예능,paid,eunjeong61@example.com
류유진,54,2025-04-30,188,애니메이션,paid,sanghyeon54@example.com
오민준,63,2025-04-24,286,영화,paid,ci@example.net
이혜진,36,2025-04-25,169,다큐멘터리,paid,sunog01@example.net
이지원,21,2025-04-14,284,영화,paid,haeungim@example.net
이미정,43,2025-04-23,178,애니메이션,paid,eunseoi@example.com
김민서,34,2025-05-01,101,다큐멘터리,paid,xha@example.com
최옥자,20,2025-04-12,199,영화,paid,ri@example.org
김서연,53,2025-04-18,0,다큐멘터리,unpaid,hbaeg@example.com
한서영,20,2025-04-07,130,예능,paid,yeongja73@example.org
김민준,38,2025-04-29,18,예능,paid,zeom@example.net
민정숙,35,2025-04-08,136,예능,paid,coejaehyeon@example.com
오현숙,52,2025-04-18,81,다큐멘터리,paid,eunjeongbag@example.org
안서현,27,2025-04-05,194,드라마,paid,jgim@example.net
송영철,19,2025-04-06,29,영화,unpaid,gimjunho@example.net
박지연,44,2025-04-16,100,다큐멘터리,paid,gimjeongsu@example.org
장성현,63,2025-04-20,49,영화,unpaid,yunseogim@example.net
김미정,25,2025-05-02,296,영화,paid,jaehogim@example.net
하영진,23,2025-04-13,67,드라마,paid,jeonghyi43@example.net
이은정,58,2025-04-27,214,애니메이션,paid,bagseongho@example.net
윤정웅,25,2025-04-16,264,예능,paid,jeongja90@example.org
하종수,43,2025-05-04,235,드라마,paid,sunja96@example.net
박은정,50,2025-04-13,256,예능,paid,sunog47@example.org
임수진,35,2025-04-07,224,영화,paid,hanseonghyeon@example.com
김예준,30,2025-04-26,15,애니메이션,paid,jia55@example.com
이영호,39,2025-04-16,80,애니메이션,paid,yeongjin14@example.com
김성민,37,2025-04-07,171,영화,paid,amun@example.org
배지원,40,2025-04-16,292,애니메이션,paid,seungmin27@example.net
양영식,52,2025-04-28,27,예능,paid,nomigyeong@example.org
이광수,26,2025-04-22,224,예능,paid,pcoe@example.net
박준혁,42,2025-04-04,186,애니메이션,paid,qgim@example.net
이광수,58,2025-04-22,272,다큐멘터리,paid,coeseunghyeon@example.net
이영길,57,2025-04-16,135,예능,paid,jeongsug99@example.org
김성호,36,2025-04-11,223,애니메이션,paid,boram52@example.org
이경희,34,2025-05-03,70,다큐멘터리,paid,gimjeongung@example.com
김하윤,65,2025-04-05,34,예능,unpaid,jeongsiggang@example.org
강준혁,45,2025-04-30,30,예능,paid,migyeong88@example.com
이지은,32,2025-04-07,30,드라마,unpaid,jeongung16@example.net
배준호,35,2025-04-06,55,예능,unpaid,coeyeonghwan@example.net
황은경,37,2025-04-21,42,다큐멘터리,unpaid,coeseongho@example.net
황영미,27,2025-04-14,97,예능,paid,doyunha@example.org
박승현,49,2025-04-23,251,영화,paid,ahan@example.net
허채원,18,2025-04-05,151,드라마,paid,hanmisug@example.net
장영진,46,2025-04-05,291,다큐멘터리,paid,haeun78@example.com
장채원,31,2025-05-03,234,다큐멘터리,paid,sumin33@example.com
김현지,50,2025-04-25,172,예능,paid,eungyeong37@example.com
최진우,53,2025-04-17,175,다큐멘터리,paid,ujin98@example.com
이순자,32,2025-04-08,97,다큐멘터리,paid,jaehyeoni@example.net
유재호,20,2025-04-07,220,다큐멘터리,paid,igim@example.com
한미정,64,2025-04-07,50,예능,unpaid,yeongjinjang@example.net
김동현,35,2025-04-21,129,드라마,paid,yeeun12@example.org
구민지,27,2025-04-19,160,영화,paid,mbag@example.com
윤지후,47,2025-05-04,260,영화,paid,yunyeongil@example.net
심하은,52,2025-04-23,179,다큐멘터리,paid,jihuhong@example.org
이예진,28,2025-04-27,170,예능,paid,jiyeong04@example.net
남순옥,43,2025-04-13,28,애니메이션,unpaid,ijin@example.net
심준혁,65,2025-04-28,278,애니메이션,paid,zi@example.org
서재호,54,2025-04-10,116,영화,paid,gyeongsui@example.com
권보람,47,2025-04-21,234,영화,paid,gryu@example.com
장병철,29,2025-04-21,2,예능,unpaid,gyeongjasim@example.org
김정훈,26,2025-04-27,45,영화,paid,jaeho90@example.com
한명자,29,2025-04-26,258,다큐멘터리,paid,bagseonghyeon@example.net
손정자,29,2025-04-30,73,드라마,paid,yeongja45@example.net
성영수,44,2025-04-26,212,예능,paid,msin@example.com
최영수,65,2025-04-15,227,다큐멘터리,paid,yunseojang@example.net
김예원,19,2025-04-12,152,드라마,paid,minjun91@example.org
배서영,43,2025-04-30,266,예능,paid,seonghyeongo@example.com
김영환,33,2025-04-18,69,영화,paid,baejinho@example.org
박영길,22,2025-04-18,93,애니메이션,paid,coeyeongsug@example.com
이지은,65,2025-05-03,206,애니메이션,paid,seoyeonggim@example.com
정명숙,65,2025-04-28,210,다큐멘터리,paid,mingyeongja@example.com
황정훈,60,2025-04-18,161,애니메이션,paid,yi@example.com
백영미,33,2025-04-11,87,영화,paid,areumi@example.org
이미정,61,2025-04-28,267,드라마,paid,jeongjagweon@example.com
오승현,36,2025-04-12,49,예능,unpaid,pryu@example.com
이진우,39,2025-04-21,42,다큐멘터리,unpaid,gimareum@example.net
양경자,42,2025-04-12,169,예능,paid,minjaecoe@example.com
한명숙,22,2025-04-06,168,애니메이션,paid,iyeongil@example.org
황민서,36,2025-04-10,181,영화,paid,yeongil95@example.net
장숙자,31,2025-04-21,219,영화,paid,jiyeong83@example.com
김진호,52,2025-04-16,57,예능,unpaid,sujini@example.com
이재호,54,2025-04-08,89,영화,paid,uan@example.net
김성훈,26,2025-04-20,221,드라마,paid,ogim@example.com
김예은,42,2025-04-10,152,영화,paid,coehyeonjeong@example.net
이선영,63,2025-04-18,182,예능,paid,sunja75@example.org
류명숙,48,2025-04-12,237,예능,paid,mjang@example.org
김지연,26,2025-04-04,279,다큐멘터리,paid,gyeonghyimun@example.com
백상철,37,2025-04-05,209,예능,paid,hyeonsuggim@example.com
한정자,55,2025-04-25,88,드라마,paid,jheo@example.com
이옥자,42,2025-04-24,261,애니메이션,paid,jeongnam58@example.com
송정웅,39,2025-04-26,195,다큐멘터리,paid,jihyeon55@example.com
문정호,44,2025-04-10,292,애니메이션,paid,icunja@example.net
이서연,41,2025-04-15,172,애니메이션,paid,junseojeon@example.com
노순옥,57,2025-04-22,26,예능,unpaid,pju@example.net
김주원,19,2025-04-14,222,예능,paid,seongminjeong@example.org
정은주,52,2025-04-20,148,다큐멘터리,paid,bagjeongja@example.org
장지연,18,2025-04-30,56,드라마,paid,ogim@example.org
김상현,28,2025-04-11,1,예능,unpaid,ni@example.net
강예지,39,2025-04-19,65,다큐멘터리,paid,igim@example.net
김정웅,20,2025-04-16,248,드라마,paid,gwangsu62@example.org
박서현,64,2025-04-29,137,예능,paid,eunji46@example.org
이영호,33,2025-04-04,290,드라마,paid,jaehoryu@example.org
고지연,45,2025-04-08,204,영화,paid,ijunseo@example.com
김민준,46,2025-04-12,211,드라마,paid,phong@example.com
고미숙,26,2025-04-22,177,영화,paid,gimjieun@example.net
박명숙,62,2025-05-01,288,예능,paid,imyejun@example.net
김현숙,51,2025-04-23,72,드라마,paid,gyeongsu39@example.org
오영숙,35,2025-04-06,170,영화,paid,iseoyeon@example.net
이하윤,57,2025-04-25,54,드라마,paid,junyeong21@example.net
이미숙,59,2025-04-29,268,애니메이션,paid,jeongjai@example.net
이지영,30,2025-04-08,13,드라마,unpaid,gangeunseo@example.com
이진우,33,2025-04-04,44,예능,unpaid,lgim@example.net
황성민,61,2025-04-19,178,예능,paid,yeeungim@example.org
안민재,30,2025-04-06,24,영화,unpaid,gi@example.org
이성호,19,2025-04-10,153,다큐멘터리,paid,sanghyeon12@example.com
최승민,32,2025-04-30,182,영화,paid,gimboram@example.net
이영숙,30,2025-04-17,32,영화,unpaid,jihu18@example.org
김영미,23,2025-04-17,201,애니메이션,paid,yeonghwani@example.org
이승현,33,2025-04-05,184,드라마,paid,xhwang@example.com
오예진,25,2025-04-07,82,다큐멘터리,paid,hyeonjungim@example.org
이은정,33,2025-04-18,275,예능,paid,jinho69@example.org
조정수,38,2025-04-30,195,영화,paid,zi@example.com
한영식,32,2025-04-13,184,영화,paid,jeongsigi@example.com
남상철,22,2025-04-27,191,드라마,paid,yeongsuncoe@example.net
오시우,39,2025-05-04,253,영화,paid,jeongsun16@example.net
강상호,64,2025-04-26,101,다큐멘터리,paid,yeeunan@example.org
최영환,43,2025-04-18,289,다큐멘터리,paid,yjeong@example.com
송은서,45,2025-04-22,2,다큐멘터리,unpaid,gimyeongceol@example.net
윤광수,59,2025-04-23,35,드라마,unpaid,vju@example.com
김상현,36,2025-05-04,31,애니메이션,paid,jinhoi@example.net
박순자,46,2025-04-10,32,드라마,unpaid,bagjaehyeon@example.org
노민수,62,2025-04-19,183,예능,paid,jeongho38@example.com
김정웅,49,2025-05-04,223,다큐멘터리,paid,ti@example.org
김지혜,48,2025-04-14,297,다큐멘터리,paid,jangseonghyeon@example.net
김민재,30,2025-04-04,28,애니메이션,unpaid,oseong@example.com
김은지,64,2025-04-20,24,애니메이션,unpaid,ngim@example.org
이건우,19,2025-04-27,239,영화,paid,siugweon@example.org
안옥자,48,2025-04-23,212,애니메이션,paid,jeongsig71@example.com
박현주,25,2025-04-04,251,애니메이션,paid,seonyeong96@example.net
이영길,51,2025-04-27,11,예능,paid,eunjihan@example.com
최정숙,65,2025-04-26,243,영화,paid,sanghun41@example.org
김성훈,61,2025-04-05,240,애니메이션,paid,seoyeongi@example.com
한은주,55,2025-05-04,241,영화,paid,borambag@example.org
홍우진,44,2025-04-30,132,애니메이션,paid,haeun72@example.org
차예진,40,2025-04-08,147,예능,paid,fi@example.com
박민지,40,2025-05-02,216,예능,paid,anyeongsu@example.org
박민준,29,2025-04-30,254,다큐멘터리,paid,xcoe@example.com
김미영,62,2025-04-09,259,애니메이션,paid,minseo07@example.net
이정호,62,2025-04-15,299,영화,paid,jaehoeom@example.com
문도현,51,2025-04-22,41,다큐멘터리,unpaid,hwangyeongil@example.net
이정희,21,2025-04-18,2,영화,unpaid,igim@example.org
송은경,20,2025-04-12,249,예능,paid,seonyeong25@example.net
최진호,41,2025-04-27,0,예능,paid,gimogja@example.com
진채원,55,2025-04-07,114,영화,paid,yeonghyigim@example.org
류지연,36,2025-04-15,164,영화,paid,kbag@example.net
이영길,20,2025-04-12,117,예능,paid,iogja@example.net
이현정,65,2025-04-27,98,다큐멘터리,paid,seoyun17@example.net
이명자,42,2025-04-04,243,애니메이션,paid,bgim@example.org
이서준,50,2025-04-18,92,영화,paid,seoyeonbag@example.com
권경희,32,2025-04-08,82,다큐멘터리,paid,kgim@example.com
진승현,36,2025-04-20,261,예능,paid,jiyeongi@example.com
이도현,44,2025-04-24,85,드라마,paid,minseoggang@example.net
김은지,39,2025-04-13,259,영화,paid,gimgyeongja@example.org
박영희,36,2025-04-18,11,다큐멘터리,unpaid,haneunji@example.com
박서윤,56,2025-04-23,112,다큐멘터리,paid,seosanghyeon@example.com
이성훈,41,2025-04-27,155,드라마,paid,sunogjang@example.org
김은지,20,2025-04-18,175,애니메이션,paid,ni@example.net
허은정,53,2025-04-25,26,애니메이션,paid,fgo@example.org
김정웅,18,2025-04-17,184,애니메이션,paid,hyeonsug52@example.org
김영철,45,2025-04-30,229,예능,paid,eunseo04@example.org
박지아,63,2025-04-25,73,애니메이션,paid,sunja37@example.com
박예준,24,2025-04-14,255,다큐멘터리,paid,mincunja@example.org
홍승현,59,2025-05-03,15,영화,paid,yunseogwag@example.org
김상훈,36,2025-04-21,278,애니메이션,paid,yuhayun@example.com
강예진,32,2025-04-05,31,다큐멘터리,unpaid,zi@example.org
박민서,33,2025-04-29,203,영화,paid,imigyeong@example.org
김순옥,47,2025-04-09,252,드라마,paid,ijinu@example.org
김시우,46,2025-04-15,114,애니메이션,paid,dgang@example.com
윤보람,23,2025-04-06,178,드라마,paid,oyeonghyi@example.org
이영일,28,2025-05-04,207,영화,paid,seongho24@example.net
황경자,19,2025-04-22,107,영화,paid,ei@example.com
최미경,46,2025-04-16,273,애니메이션,paid,dbag@example.com
김민지,27,2025-04-13,255,애니메이션,paid,sonyeongsug@example.org
박광수,60,2025-04-15,51,애니메이션,unpaid,gimgyeongja@example.com
김현주,33,2025-04-11,179,다큐멘터리,paid,coejihyeon@example.net
김선영,24,2025-04-28,119,드라마,paid,yeonghwan19@example.com
장광수,18,2025-04-28,283,애니메이션,paid,eunjuna@example.com
박서준,50,2025-04-12,80,드라마,paid,jeongsig87@example.org
이종수,21,2025-04-30,191,드라마,paid,gyeongsugcoe@example.com
황지민,24,2025-04-28,105,애니메이션,paid,seongjinnam@example.org
이준혁,40,2025-04-15,101,드라마,paid,hageonu@example.net
서성수,20,2025-04-27,36,다큐멘터리,paid,mijeonggim@example.com
우민서,51,2025-04-17,122,드라마,paid,sangceol38@example.com
이현지,52,2025-04-05,163,애니메이션,paid,coemigyeong@example.net
김윤서,20,2025-04-11,80,애니메이션,paid,ijang@example.org
고지훈,62,2025-04-21,266,다큐멘터리,paid,vhan@example.com
이도현,49,2025-04-14,188,애니메이션,paid,seongminhwang@example.org
김영수,55,2025-04-12,249,드라마,paid,wgim@example.org
박준혁,35,2025-05-02,299,영화,paid,gimyeongja@example.net
김지현,25,2025-04-26,54,애니메이션,paid,seongsu35@example.com
장선영,19,2025-04-28,266,다큐멘터리,paid,doyuni@example.com
최미숙,52,2025-04-29,22,드라마,paid,songseongmin@example.org
황상현,18,2025-04-06,258,다큐멘터리,paid,jeongsugi@example.net
김은서,29,2025-04-18,7,드라마,unpaid,gimminsu@example.net
김지후,60,2025-04-27,15,애니메이션,paid,sanghun70@example.org
이지민,57,2025-04-17,72,영화,paid,rgim@example.com
김병철,31,2025-04-24,207,드라마,paid,jinho20@example.net
김수진,62,2025-04-15,179,영화,paid,eyang@example.org
이승현,30,2025-04-30,160,드라마,paid,sugjasong@example.org
황아름,54,2025-05-03,158,예능,paid,ki@example.net
이경수,60,2025-04-24,99,예능,paid,doyunsong@example.com
진영진,64,2025-04-11,22,드라마,unpaid,hyeonjeonggim@example.net
박주원,51,2025-04-16,139,다큐멘터리,paid,gweonhayun@example.net
안아름,45,2025-04-18,0,예능,unpaid,seonghuncoe@example.net
백경자,47,2025-04-11,27,드라마,unpaid,hayun92@example.net
홍지원,40,2025-04-05,247,예능,paid,ljeong@example.com
김예준,39,2025-04-09,161,영화,paid,baggeonu@example.net
김정웅,55,2025-04-29,10,영화,paid,minsu29@example.net
황지혜,58,2025-04-10,160,애니메이션,paid,hyeonsug56@example.net
이민수,32,2025-04-22,7,다큐멘터리,unpaid,yejini@example.net
윤보람,33,2025-04-09,68,예능,paid,yeongsig92@example.com
한민수,26,2025-04-11,293,영화,paid,hahayun@example.com
황윤서,53,2025-04-24,188,영화,paid,seonyeongheo@example.net
최진우,30,2025-04-07,240,예능,paid,jeongunggim@example.com
김춘자,48,2025-05-02,157,드라마,paid,ryuyeongsug@example.net
박수민,24,2025-04-06,25,애니메이션,unpaid,yeongjai@example.org
김영희,25,2025-04-25,37,다큐멘터리,paid,aju@example.com
이영미,57,2025-04-29,87,다큐멘터리,paid,kan@example.net
김예원,61,2025-05-04,260,드라마,paid,ijeongsu@example.org
김성훈,27,2025-04-06,185,다큐멘터리,paid,coejiweon@example.org
민지후,33,2025-04-19,192,애니메이션,paid,iareum@example.net
김미숙,22,2025-04-07,256,애니메이션,paid,hyeonjeongi@example.net
서수민,35,2025-04-24,232,드라마,paid,jaehyeon10@example.com
홍민서,42,2025-05-01,140,영화,paid,geonu14@example.net
박미숙,29,2025-05-02,204,예능,paid,seonghoi@example.org
김종수,49,2025-04-17,8,예능,unpaid,qbag@example.com
정병철,21,2025-05-01,246,다큐멘터리,paid,ci@example.org
박상현,33,2025-04-29,152,영화,paid,seoyeon21@example.org
송영순,52,2025-04-28,168,영화,paid,minjihong@example.net
박준호,28,2025-04-28,283,영화,paid,pcoe@example.com
이준혁,59,2025-04-23,192,예능,paid,bagjiweon@example.net
강미영,23,2025-04-16,164,영화,paid,kgim@example.org
김영자,62,2025-05-01,4,다큐멘터리,paid,ogim@example.org
김하은,62,2025-04-08,141,드라마,paid,gimboram@example.net
이영길,21,2025-04-27,254,다큐멘터리,paid,ansujin@example.net
김민서,37,2025-04-17,110,드라마,paid,yuseoyeon@example.org
문춘자,64,2025-04-18,189,다큐멘터리,paid,pi@example.com
박보람,33,2025-04-12,228,드라마,paid,mgim@example.net
김춘자,25,2025-04-06,214,드라마,paid,yeongja07@example.com
김지은,37,2025-04-06,60,드라마,paid,jeongnam71@example.org
우시우,24,2025-04-26,236,드라마,paid,yeonghwan69@example.net
박지훈,34,2025-04-17,293,드라마,paid,wseo@example.net
류옥순,44,2025-04-19,230,다큐멘터리,paid,minsuo@example.com
고중수,30,2025-04-09,278,예능,paid,gimjiyeon@example.org
김예원,42,2025-04-06,251,애니메이션,paid,yeweon45@example.com
윤미정,64,2025-04-28,231,드라마,paid,gimmyeongsug@example.com
문영환,53,2025-04-21,273,예능,paid,jeongho41@example.com
김준혁,50,2025-04-04,90,애니메이션,paid,jiminyun@example.net
윤영일,22,2025-04-05,212,영화,paid,bagseongmin@example.org
김선영,63,2025-04-27,217,영화,paid,yeeun46@example.com
박서윤,31,2025-04-20,169,예능,paid,yeongsug96@example.net
박정남,40,2025-04-17,129,드라마,paid,boram99@example.com
김도윤,65,2025-04-26,126,영화,paid,sunog44@example.net
손수진,42,2025-04-12,9,드라마,unpaid,misuggim@example.org
송은영,54,2025-04-25,12,다큐멘터리,paid,yeongsun07@example.com
이성훈,48,2025-05-02,211,애니메이션,paid,coehyejin@example.org
오정수,22,2025-04-06,256,예능,paid,qbaeg@example.com
홍지현,43,2025-04-10,180,다큐멘터리,paid,jaehyeonbag@example.net
송정훈,65,2025-04-25,139,영화,paid,hayunbae@example.net
이정호,22,2025-04-25,264,드라마,paid,jihu55@example.com
박미영,18,2025-04-21,272,애니메이션,paid,munseoyun@example.net
손영일,60,2025-04-25,184,다큐멘터리,paid,abag@example.org
김혜진,23,2025-04-21,6,애니메이션,unpaid,jungsu97@example.org
오종수,35,2025-05-02,85,영화,paid,li@example.com
김수민,60,2025-04-04,57,드라마,unpaid,seoyeonggim@example.org
이시우,59,2025-04-27,169,예능,paid,yca@example.org
김성호,32,2025-04-19,38,영화,unpaid,sonyujin@example.net
장재현,21,2025-04-26,15,다큐멘터리,paid,yeongsigyang@example.com
